Date,Open,High,Low,Close,Prev. Close,Change,% Change
03-01-2022,16.2225,16.81,15.4525,16.4525,16.2225,0.23,1.42
04-01-2022,16.4525,16.675,15.71,16.12,16.4525,-0.33,-2.02
05-01-2022,16.12,17.38,15.0875,17.2275,16.12,1.11,6.87
06-01-2022,17.2275,18.4175,16.4,17.9775,17.2275,0.75,4.35
07-01-2022,17.9775,18.09,16.86,17.6025,17.9775,-0.38,-2.09
10-01-2022,17.6025,18.39,15.8425,17.6775,17.6025,0.08,0.43
11-01-2022,17.6775,18.2475,16.4375,17.7575,17.6775,0.08,0.45
12-01-2022,17.7575,17.925,16.5475,17.1825,17.7575,-0.58,-3.24
13-01-2022,17.1825,17.525,16.6075,16.705,17.1825,-0.48,-2.78
14-01-2022,16.705,17.1,15.3425,16.555,16.705,-0.15,-0.9
17-01-2022,16.555,17.5475,16.2675,16.765,16.555,0.21,1.27
18-01-2022,16.765,17.875,16.765,17.78,16.765,1.02,6.05
19-01-2022,17.78,18.4475,15.94,17.8175,17.78,0.04,0.21
20-01-2022,17.8175,18.45,17.32,17.79,17.8175,-0.03,-0.15
21-01-2022,17.79,19.605,16.9825,18.8875,17.79,1.1,6.17
24-01-2022,18.8875,23.9,18.8875,22.825,18.8875,3.94,20.85
25-01-2022,22.825,24.1375,21.18,21.3575,22.825,-1.47,-6.43
27-01-2022,21.3575,23.8675,20.4425,21.065,21.3575,-0.29,-1.37
28-01-2022,21.065,21.32,20.2825,20.695,21.065,-0.37,-1.76
31-01-2022,20.695,22.11,20.695,21.9525,20.695,1.26,6.08
01-02-2022,21.9525,22.07,19.745,19.9775,21.9525,-1.98,-9.0
02-02-2022,19.9775,19.9775,18.5475,18.65,19.9775,-1.33,-6.64
03-02-2022,18.65,19.595,17.4075,19.16,18.65,0.51,2.73
04-02-2022,19.16,19.7775,18.595,18.8975,19.16,-0.26,-1.37
07-02-2022,18.8975,21.0825,18.1825,20.4375,18.8975,1.54,8.15
08-02-2022,20.4375,20.9375,19.555,19.685,20.4375,-0.75,-3.68
09-02-2022,19.685,19.685,17.885,18.555,19.685,-1.13,-5.74
10-02-2022,18.555,18.925,16.8,17.71,18.555,-0.85,-4.55
11-02-2022,17.71,19.5325,16.855,18.68,17.71,0.97,5.48
14-02-2022,18.68,23.535,18.68,22.9775,18.68,4.3,23.01
15-02-2022,22.9775,23.14,20.435,20.6125,22.9775,-2.37,-10.29
16-02-2022,20.6125,21.02,19.3525,20.5925,20.6125,-0.02,-0.1
17-02-2022,20.5925,22.37,19.4625,22.005,20.5925,1.41,6.86
18-02-2022,22.005,23.21,21.635,22.165,22.005,0.16,0.73
21-02-2022,22.165,23.755,20.57,22.9025,22.165,0.74,3.33
22-02-2022,22.9025,27.815,22.9025,26.6625,22.9025,3.76,16.42
23-02-2022,26.6625,26.6625,23.9075,24.5425,26.6625,-2.12,-7.95
24-02-2022,24.5425,33.9725,24.5425,31.9825,24.5425,7.44,30.31
25-02-2022,31.9825,31.9825,26.15,26.74,31.9825,-5.24,-16.39
28-02-2022,26.74,29.785,26.74,28.57,26.74,1.83,6.84
02-03-2022,28.57,30.8425,28.57,29.2325,28.57,0.66,2.32
03-03-2022,29.2325,29.2325,27.2225,28.155,29.2325,-1.08,-3.69
04-03-2022,28.155,29.925,27.2225,27.9575,28.155,-0.2,-0.7
07-03-2022,27.9575,30.2775,27.9575,29.33,27.9575,1.37,4.91
08-03-2022,29.33,30.0575,27.1125,28.5875,29.33,-0.74,-2.53
09-03-2022,28.5875,28.5875,27.305,27.4675,28.5875,-1.12,-3.92
10-03-2022,27.4675,27.4675,22.9625,25.5825,27.4675,-1.89,-6.86
11-03-2022,25.5825,25.8725,24.58,25.345,25.5825,-0.24,-0.93
14-03-2022,25.345,26.2125,25.09,25.6775,25.345,0.33,1.31
15-03-2022,25.6775,27.5425,23.6575,26.73,25.6775,1.05,4.1
16-03-2022,26.73,26.73,24.0125,24.1175,26.73,-2.61,-9.77
17-03-2022,24.1175,24.1175,20.77,22.61,24.1175,-1.51,-6.25
21-03-2022,22.61,24.7125,22.61,24.6225,22.61,2.01,8.9
22-03-2022,24.6225,25.1575,23.76,24.07,24.6225,-0.55,-2.24
23-03-2022,24.07,24.975,20.455,24.7475,24.07,0.68,2.81
24-03-2022,24.7475,25.53,23.8125,23.93,24.7475,-0.82,-3.3
25-03-2022,23.93,24.2725,22.91,23.43,23.93,-0.5,-2.09
28-03-2022,23.43,24.2125,19.59,22.61,23.43,-0.82,-3.5
29-03-2022,22.61,22.61,21.1025,21.3025,22.61,-1.31,-5.78
30-03-2022,21.3025,21.3025,19.73,20.61,21.3025,-0.69,-3.25
31-03-2022,20.61,20.9425,20.2125,20.56,20.61,-0.05,-0.24
01-04-2022,20.56,20.855,18.12,18.435,20.56,-2.13,-10.34
04-04-2022,18.435,18.825,17.5925,17.9075,18.435,-0.53,-2.86
05-04-2022,17.9075,18.63,16.79,18.4875,17.9075,0.58,3.24
06-04-2022,18.4875,19.2825,16.81,19.0225,18.4875,0.54,2.89
07-04-2022,19.0225,19.49,17.7175,18.9975,19.0225,-0.03,-0.13
08-04-2022,18.9975,20.0875,17.53,17.6875,18.9975,-1.31,-6.9
11-04-2022,17.6875,19.145,16.6425,18.27,17.6875,0.58,3.29
12-04-2022,18.27,18.6725,15.085,18.1575,18.27,-0.11,-0.62
13-04-2022,18.1575,18.4025,16.1925,17.785,18.1575,-0.37,-2.05
18-04-2022,17.785,20.4825,17.785,19.335,17.785,1.55,8.72
19-04-2022,19.335,20.8075,14.6275,19.775,19.335,0.44,2.28
20-04-2022,19.775,20.265,17.835,18.6725,19.775,-1.1,-5.58
21-04-2022,18.6725,18.6725,13.35,17.8525,18.6725,-0.82,-4.39
22-04-2022,17.8525,18.76,17.8125,18.3525,17.8525,0.5,2.8
25-04-2022,18.3525,21.755,18.3525,21.2575,18.3525,2.91,15.83
26-04-2022,21.2575,21.2575,19.005,19.1875,21.2575,-2.07,-9.74
27-04-2022,19.1875,21.365,19.1875,20.605,19.1875,1.42,7.39
28-04-2022,20.605,20.605,19.0225,19.3775,20.605,-1.23,-5.96
29-04-2022,19.3775,19.6475,18.2075,19.415,19.3775,0.04,0.19
02-05-2022,19.415,21.0625,19.415,20.2825,19.415,0.87,4.47
04-05-2022,20.2825,22.3875,18.4275,21.8775,20.2825,1.6,7.86
05-05-2022,21.8775,21.8775,19.615,20.2925,21.8775,-1.59,-7.24
06-05-2022,20.2925,21.81,19.3325,21.25,20.2925,0.96,4.72
09-05-2022,21.25,22.52,18.96,22.0325,21.25,0.78,3.68
10-05-2022,22.0325,22.515,21.2175,22.3025,22.0325,0.27,1.23
11-05-2022,22.3025,24.1875,20.4825,22.8025,22.3025,0.5,2.24
12-05-2022,22.8025,25.315,21.15,24.265,22.8025,1.46,6.41
13-05-2022,24.265,24.265,20.9675,23.485,24.265,-0.78,-3.21
16-05-2022,23.485,24.7125,21.275,24.5275,23.485,1.04,4.44
17-05-2022,24.5275,24.84,17.095,22.7425,24.5275,-1.79,-7.28
18-05-2022,22.7425,23.06,21.34,22.295,22.7425,-0.45,-1.97
19-05-2022,22.295,25.1475,22.295,24.5575,22.295,2.26,10.15
20-05-2022,24.5575,24.5575,22.4425,23.1,24.5575,-1.46,-5.94
23-05-2022,23.1,23.975,20.5,23.3975,23.1,0.3,1.29
24-05-2022,23.3975,25.99,23.155,25.635,23.3975,2.24,9.56
25-05-2022,25.635,25.635,24.3625,25.2825,25.635,-0.35,-1.38
26-05-2022,25.2825,25.2825,22.535,22.7175,25.2825,-2.57,-10.15
27-05-2022,22.7175,22.7175,21.2,21.48,22.7175,-1.24,-5.45
30-05-2022,21.48,21.48,19.72,19.98,21.48,-1.5,-6.98
31-05-2022,19.98,20.75,19.68,20.4775,19.98,0.5,2.49
01-06-2022,20.4775,21.3375,18.23,20.845,20.4775,0.37,1.79
02-06-2022,20.845,20.9975,18.3825,20.32,20.845,-0.53,-2.52
03-06-2022,20.32,20.32,18.735,19.975,20.32,-0.35,-1.7
06-06-2022,19.975,20.6825,18.65,20.2025,19.975,0.23,1.14
07-06-2022,20.2025,21.07,19.4325,20.425,20.2025,0.22,1.1
08-06-2022,20.425,20.6875,19.3875,19.8375,20.425,-0.59,-2.88
09-06-2022,19.8375,19.8375,18.155,19.14,19.8375,-0.7,-3.52
10-06-2022,19.14,19.755,18.255,19.575,19.14,0.44,2.27
13-06-2022,19.575,22.8025,19.575,22.365,19.575,2.79,14.25
14-06-2022,22.365,22.635,18.9475,21.8875,22.365,-0.48,-2.14
15-06-2022,21.8875,22.365,20.95,22.1475,21.8875,0.26,1.19
16-06-2022,22.1475,28.13,19.7475,22.8675,22.1475,0.72,3.25
17-06-2022,22.8675,23.69,18.0225,22.7575,22.8675,-0.11,-0.48
20-06-2022,22.7575,23.635,16.0025,22.4125,22.7575,-0.35,-1.52
21-06-2022,22.4125,22.4125,20.48,21.1425,22.4125,-1.27,-5.67
22-06-2022,21.1425,21.785,19.32,21.3,21.1425,0.16,0.74
23-06-2022,21.3,21.71,18.355,20.88,21.3,-0.42,-1.97
24-06-2022,20.88,21.2725,18.6825,20.55,20.88,-0.33,-1.58
27-06-2022,20.55,21.12,19.545,21.005,20.55,0.46,2.21
28-06-2022,21.005,21.68,20.5125,21.45,21.005,0.45,2.12
29-06-2022,21.45,22.085,21.45,21.9,21.45,0.45,2.1
30-06-2022,21.9,22.2725,21.5375,21.84,21.9,-0.06,-0.27
01-07-2022,21.84,22.43,21.1425,21.25,21.84,-0.59,-2.7
04-07-2022,21.25,22.2475,20.9225,20.9725,21.25,-0.28,-1.31
05-07-2022,20.9725,20.9925,20.235,20.7875,20.9725,-0.19,-0.88
06-07-2022,20.7875,20.7875,19.8225,20.2675,20.7875,-0.52,-2.5
07-07-2022,20.2675,20.2675,19.0125,19.2025,20.2675,-1.07,-5.25
08-07-2022,19.2025,19.2025,18.22,18.395,19.2025,-0.81,-4.21
11-07-2022,18.395,19.215,16.6475,18.3675,18.395,-0.03,-0.15
12-07-2022,18.3675,18.6375,17.3,18.5475,18.3675,0.18,0.98
13-07-2022,18.5475,18.7625,17.735,18.52,18.5475,-0.03,-0.15
14-07-2022,18.52,18.69,17.75,18.34,18.52,-0.18,-0.97
15-07-2022,18.34,18.34,17.53,17.5975,18.34,-0.74,-4.05
18-07-2022,17.5975,18.1825,16.47,17.16,17.5975,-0.44,-2.49
19-07-2022,17.16,17.6675,16.3525,17.2025,17.16,0.04,0.25
20-07-2022,17.2025,17.2725,15.6575,16.8225,17.2025,-0.38,-2.21
21-07-2022,16.8225,17.2075,15.9725,16.8575,16.8225,0.04,0.21
22-07-2022,16.8575,16.9625,16.1625,16.65,16.8575,-0.21,-1.23
25-07-2022,16.65,17.9075,16.1775,17.68,16.65,1.03,6.19
26-07-2022,17.68,18.2675,17.355,18.17,17.68,0.49,2.77
27-07-2022,18.17,18.635,17.7525,18.13,18.17,-0.04,-0.22
28-07-2022,18.13,18.13,16.8375,17.0125,18.13,-1.12,-6.16
29-07-2022,17.0125,18.645,16.49,16.55,17.0125,-0.46,-2.72
01-08-2022,16.55,17.625,15.8925,17.485,16.55,0.94,5.65
02-08-2022,17.485,18.755,17.485,18.53,17.485,1.05,5.98
03-08-2022,18.53,19.1725,17.95,18.45,18.53,-0.08,-0.43
04-08-2022,18.45,21.06,17.625,19.2575,18.45,0.81,4.38
05-08-2022,19.2575,19.39,18.0075,18.915,19.2575,-0.34,-1.78
08-08-2022,18.915,20.18,17.78,19.3025,18.915,0.39,2.05
10-08-2022,19.3025,20.77,18.8575,19.5875,19.3025,0.29,1.48
11-08-2022,19.5875,19.5875,18.2,18.355,19.5875,-1.23,-6.29
12-08-2022,18.355,18.525,17.41,17.6075,18.355,-0.75,-4.07
16-08-2022,17.6075,18.355,17.005,17.685,17.6075,0.08,0.44
17-08-2022,17.685,17.7875,16.5475,17.6775,17.685,-0.01,-0.04
18-08-2022,17.6775,18.44,16.715,17.35,17.6775,-0.33,-1.85
19-08-2022,17.35,18.5675,16.875,18.285,17.35,0.94,5.39
22-08-2022,18.285,19.295,17.2,19.0375,18.285,0.75,4.12
23-08-2022,19.0375,19.59,18.1775,19.05,19.0375,0.01,0.07
24-08-2022,19.05,19.3425,17.9875,18.43,19.05,-0.62,-3.25
25-08-2022,18.43,20.215,17.275,19.57,18.43,1.14,6.19
26-08-2022,19.57,19.57,15.825,18.215,19.57,-1.36,-6.92
29-08-2022,18.215,21.205,18.215,19.8225,18.215,1.61,8.83
30-08-2022,19.8225,19.8225,17.2575,18.7,19.8225,-1.12,-5.66
01-09-2022,18.7,20.9875,18.105,19.8725,18.7,1.17,6.27
02-09-2022,19.8725,20.1425,17.4025,19.55,19.8725,-0.32,-1.62
05-09-2022,19.55,20.29,19.45,19.6625,19.55,0.11,0.58
06-09-2022,19.6625,20.0,18.645,19.525,19.6625,-0.14,-0.7
07-09-2022,19.525,20.175,18.2775,19.3675,19.525,-0.16,-0.81
08-09-2022,19.3675,19.3675,17.3025,18.305,19.3675,-1.06,-5.49
09-09-2022,18.305,18.51,16.545,17.7175,18.305,-0.59,-3.21
12-09-2022,17.7175,18.3825,16.3925,17.9375,17.7175,0.22,1.24
13-09-2022,17.9375,17.9375,16.8575,17.47,17.9375,-0.47,-2.61
14-09-2022,17.47,18.565,17.26,18.2775,17.47,0.81,4.62
15-09-2022,18.2775,19.215,16.78,18.3925,18.2775,0.12,0.63
16-09-2022,18.3925,20.2425,18.3,19.8225,18.3925,1.43,7.77
19-09-2022,19.8225,21.205,16.4725,19.94,19.8225,0.12,0.59
20-09-2022,19.94,19.94,18.1125,18.7975,19.94,-1.14,-5.73
21-09-2022,18.7975,20.29,18.305,19.325,18.7975,0.53,2.81
22-09-2022,19.325,20.1375,17.4075,18.815,19.325,-0.51,-2.64
23-09-2022,18.815,20.8125,17.345,20.5925,18.815,1.78,9.45
26-09-2022,20.5925,22.8975,18.805,21.8925,20.5925,1.3,6.31
27-09-2022,21.8925,22.2925,20.7875,21.5675,21.8925,-0.33,-1.48
28-09-2022,21.5675,22.3625,21.49,22.095,21.5675,0.53,2.45
29-09-2022,22.095,22.2875,21.065,21.3025,22.095,-0.79,-3.59
30-09-2022,21.3025,21.9875,19.6975,19.9675,21.3025,-1.34,-6.27
03-10-2022,19.9675,21.68,19.9675,21.365,19.9675,1.4,7.0
04-10-2022,21.365,21.365,19.4475,19.57,21.365,-1.8,-8.4
06-10-2022,19.57,20.02,18.585,19.315,19.57,-0.26,-1.3
07-10-2022,19.315,19.725,18.6875,18.8125,19.315,-0.5,-2.6
10-10-2022,18.8125,20.34,18.8125,19.6225,18.8125,0.81,4.31
11-10-2022,19.6225,20.8175,19.09,20.49,19.6225,0.87,4.42
12-10-2022,20.49,20.885,19.885,20.175,20.49,-0.32,-1.54
13-10-2022,20.175,20.9425,18.4025,20.29,20.175,0.12,0.57
14-10-2022,20.29,20.63,18.075,18.2575,20.29,-2.03,-10.02
17-10-2022,18.2575,19.0775,18.2575,18.4175,18.2575,0.16,0.88
18-10-2022,18.4175,18.4175,16.575,17.4525,18.4175,-0.97,-5.24
19-10-2022,17.4525,17.555,16.2275,17.4875,17.4525,0.04,0.2
20-10-2022,17.4875,17.7625,15.5675,17.2325,17.4875,-0.26,-1.46
21-10-2022,17.2325,17.4275,16.585,17.28,17.2325,0.05,0.28
24-10-2022,17.28,17.6725,17.07,17.4225,17.28,0.14,0.82
25-10-2022,17.4225,17.6175,16.49,16.88,17.4225,-0.54,-3.11
27-10-2022,16.88,17.07,14.79,16.5975,16.88,-0.28,-1.67
28-10-2022,16.5975,17.0375,15.8475,15.9225,16.5975,-0.68,-4.07
31-10-2022,15.9225,16.63,15.07,15.8025,15.9225,-0.12,-0.75
01-11-2022,15.8025,16.2025,15.1075,16.13,15.8025,0.33,2.07
02-11-2022,16.13,16.855,14.68,16.6625,16.13,0.53,3.3
03-11-2022,16.6625,16.7325,14.985,15.9425,16.6625,-0.72,-4.32
04-11-2022,15.9425,16.2075,15.4825,15.655,15.9425,-0.29,-1.8
07-11-2022,15.655,16.355,15.2775,15.585,15.655,-0.07,-0.45
09-11-2022,15.585,16.0675,15.0175,15.915,15.585,0.33,2.12
10-11-2022,15.915,16.2925,15.4925,15.5675,15.915,-0.35,-2.18
11-11-2022,15.5675,15.5675,14.2775,14.405,15.5675,-1.16,-7.47
14-11-2022,14.405,15.27,12.555,14.91,14.405,0.51,3.51
15-11-2022,14.91,15.015,13.8275,14.635,14.91,-0.28,-1.84
16-11-2022,14.635,15.5325,13.9275,15.1,14.635,0.47,3.18
17-11-2022,15.1,16.2625,13.09,14.8775,15.1,-0.22,-1.47
18-11-2022,14.8775,15.6925,13.86,14.39,14.8775,-0.49,-3.28
21-11-2022,14.39,15.5475,13.3625,14.7975,14.39,0.41,2.83
22-11-2022,14.7975,16.2725,13.32,13.8425,14.7975,-0.96,-6.45
23-11-2022,13.8425,14.3275,11.875,14.0425,13.8425,0.2,1.44
24-11-2022,14.0425,14.0425,12.9975,13.4775,14.0425,-0.57,-4.02
25-11-2022,13.4775,15.7725,12.7725,13.3325,13.4775,-0.15,-1.08
28-11-2022,13.3325,14.0575,12.41,13.565,13.3325,0.23,1.74
29-11-2022,13.565,14.62,12.4075,13.615,13.565,0.05,0.37
30-11-2022,13.615,14.05,12.7525,13.8075,13.615,0.19,1.41
01-12-2022,13.8075,14.23,12.985,13.36,13.8075,-0.45,-3.24
02-12-2022,13.36,14.0925,12.96,13.45,13.36,0.09,0.67
05-12-2022,13.45,14.4175,13.45,13.7325,13.45,0.28,2.1
06-12-2022,13.7325,14.2525,12.18,14.0425,13.7325,0.31,2.26
07-12-2022,14.0425,14.4625,13.795,14.0775,14.0425,0.04,0.25
08-12-2022,14.0775,14.89,13.26,13.3975,14.0775,-0.68,-4.83
09-12-2022,13.3975,13.9625,11.9125,13.4775,13.3975,0.08,0.6
12-12-2022,13.4775,14.15,12.5275,13.3175,13.4775,-0.16,-1.19
13-12-2022,13.3175,13.5775,11.4325,12.8825,13.3175,-0.44,-3.27
14-12-2022,12.8825,13.0825,11.5275,12.885,12.8825,0.0,0.02
15-12-2022,12.885,13.8825,12.5875,13.7325,12.885,0.85,6.58
16-12-2022,13.7325,14.22,12.4925,14.07,13.7325,0.34,2.46
19-12-2022,14.07,14.4875,13.5,13.5525,14.07,-0.52,-3.68
20-12-2022,13.5525,14.9225,13.04,13.78,13.5525,0.23,1.68
21-12-2022,13.78,16.01,12.4625,15.5625,13.78,1.78,12.94
22-12-2022,15.5625,16.3,14.44,15.1875,15.5625,-0.38,-2.41
23-12-2022,15.1875,16.48,14.4825,16.16,15.1875,0.97,6.4
26-12-2022,16.16,17.23,14.3075,15.9325,16.16,-0.23,-1.41
27-12-2022,15.9325,16.1325,14.925,15.29,15.9325,-0.64,-4.03
28-12-2022,15.29,15.6475,15.2725,15.395,15.29,0.11,0.69
29-12-2022,15.395,15.77,14.71,14.8125,15.395,-0.58,-3.78
30-12-2022,14.8125,15.115,14.2825,14.8675,14.8125,0.06,0.37
02-01-2023,14.8675,15.4525,14.5675,14.685,14.8675,-0.18,-1.23
03-01-2023,14.685,14.99,14.305,14.385,14.685,-0.3,-2.04
04-01-2023,14.385,15.6825,14.33,15.1975,14.385,0.81,5.65
05-01-2023,15.1975,15.6,14.8125,14.9825,15.1975,-0.22,-1.41
06-01-2023,14.9825,15.4375,14.6225,15.025,14.9825,0.04,0.28
09-01-2023,15.025,15.3775,14.53,14.6525,15.025,-0.37,-2.48
10-01-2023,14.6525,15.935,14.5625,15.51,14.6525,0.86,5.85
11-01-2023,15.51,16.225,15.115,15.435,15.51,-0.08,-0.48
12-01-2023,15.435,16.0425,14.4175,15.275,15.435,-0.16,-1.04
13-01-2023,15.275,15.6025,14.395,14.46,15.275,-0.82,-5.34
16-01-2023,14.46,15.3625,14.46,15.0225,14.46,0.56,3.89
17-01-2023,15.0225,15.31,13.84,14.59,15.0225,-0.43,-2.88
18-01-2023,14.59,14.75,12.4725,14.3725,14.59,-0.22,-1.49
19-01-2023,14.3725,14.8325,13.8925,13.96,14.3725,-0.41,-2.87
20-01-2023,13.96,14.185,11.6425,13.7875,13.96,-0.17,-1.24
23-01-2023,13.7875,14.26,13.48,13.6175,13.7875,-0.17,-1.23
24-01-2023,13.6175,13.81,13.3,13.6575,13.6175,0.04,0.29
25-01-2023,13.6575,15.4225,13.5175,14.655,13.6575,1.0,7.3
27-01-2023,14.655,18.0125,14.5825,17.32,14.655,2.67,18.18
30-01-2023,17.32,19.39,17.29,17.71,17.32,0.39,2.25
31-01-2023,17.71,18.3675,16.565,16.875,17.71,-0.84,-4.71
01-02-2023,16.875,18.54,14.8475,16.78,16.875,-0.1,-0.56
02-02-2023,16.78,17.7675,15.5075,15.7325,16.78,-1.05,-6.24
03-02-2023,15.7325,15.7575,14.27,14.3975,15.7325,-1.34,-8.49
06-02-2023,14.3975,15.205,14.185,14.6875,14.3975,0.29,2.01
07-02-2023,14.6875,14.875,13.665,14.125,14.6875,-0.56,-3.83
08-02-2023,14.125,14.2475,13.535,13.595,14.125,-0.53,-3.75
09-02-2023,13.595,13.815,12.0625,13.04,13.595,-0.56,-4.08
10-02-2023,13.04,13.2775,12.2075,12.745,13.04,-0.3,-2.26
13-02-2023,12.745,14.095,11.83,13.68,12.745,0.94,7.34
14-02-2023,13.68,13.68,12.4525,13.4525,13.68,-0.23,-1.66
15-02-2023,13.4525,13.4525,11.28,12.86,13.4525,-0.59,-4.4
16-02-2023,12.86,13.1625,10.1725,12.89,12.86,0.03,0.23
17-02-2023,12.89,13.52,10.8025,13.085,12.89,0.2,1.51
20-02-2023,13.085,13.7075,10.9225,13.3825,13.085,0.3,2.27
21-02-2023,13.3825,14.295,13.3825,14.0075,13.3825,0.63,4.67
22-02-2023,14.0075,15.915,12.3775,15.5875,14.0075,1.58,11.28
23-02-2023,15.5875,16.01,14.5175,15.075,15.5875,-0.51,-3.29
24-02-2023,15.075,15.1425,14.0075,14.185,15.075,-0.89,-5.9
27-02-2023,14.185,15.0975,13.75,13.875,14.185,-0.31,-2.19
28-02-2023,13.875,14.5675,13.5,14.02,13.875,0.15,1.05
01-03-2023,14.02,14.02,12.275,12.995,14.02,-1.03,-7.31
02-03-2023,12.995,13.55,11.1,12.97,12.995,-0.03,-0.19
03-03-2023,12.97,12.97,11.98,12.18,12.97,-0.79,-6.09
06-03-2023,12.18,12.4725,11.8375,12.2675,12.18,0.09,0.72
08-03-2023,12.2675,12.8475,11.8975,12.45,12.2675,0.18,1.49
09-03-2023,12.45,12.8425,11.78,12.725,12.45,0.28,2.21
10-03-2023,12.725,13.8175,12.725,13.4125,12.725,0.69,5.4
13-03-2023,13.4125,16.4275,13.4125,16.215,13.4125,2.8,20.89
14-03-2023,16.215,16.6425,15.0025,16.2175,16.215,0.0,0.02
15-03-2023,16.2175,16.505,14.5175,16.295,16.2175,0.08,0.48
16-03-2023,16.295,17.355,13.95,16.2175,16.295,-0.08,-0.48
17-03-2023,16.2175,16.2175,14.6,14.7675,16.2175,-1.45,-8.94
20-03-2023,14.7675,17.22,14.52,16.0075,14.7675,1.24,8.4
21-03-2023,16.0075,16.035,14.0825,15.0825,16.0075,-0.93,-5.78
22-03-2023,15.0825,15.0925,14.2425,14.8075,15.0825,-0.28,-1.82
23-03-2023,14.8075,15.0575,13.9025,14.49,14.8075,-0.32,-2.14
24-03-2023,14.49,15.43,14.2025,15.24,14.49,0.75,5.18
27-03-2023,15.24,16.0925,15.0975,15.445,15.24,0.21,1.35
28-03-2023,15.445,15.6075,14.865,15.1,15.445,-0.35,-2.23
29-03-2023,15.1,15.1,13.32,13.6275,15.1,-1.47,-9.75
31-03-2023,13.6275,13.6275,12.0725,12.935,13.6275,-0.69,-5.08
03-04-2023,12.935,13.49,12.465,12.585,12.935,-0.35,-2.71
05-04-2023,12.585,12.805,12.0525,12.4125,12.585,-0.17,-1.37
06-04-2023,12.4125,12.57,11.65,11.7975,12.4125,-0.62,-4.95
10-04-2023,11.7975,12.5625,11.7975,12.2725,11.7975,0.48,4.03
11-04-2023,12.2725,12.2725,11.665,11.975,12.2725,-0.3,-2.42
12-04-2023,11.975,12.395,11.975,12.2725,11.975,0.3,2.48
13-04-2023,12.2725,12.51,11.84,11.9075,12.2725,-0.37,-2.97
17-04-2023,11.9075,13.2725,11.9075,12.265,11.9075,0.36,3.0
18-04-2023,12.265,12.525,11.8625,12.075,12.265,-0.19,-1.55
19-04-2023,12.075,12.47,11.1075,12.1525,12.075,0.08,0.64
20-04-2023,12.1525,12.3975,11.58,11.94,12.1525,-0.21,-1.75
21-04-2023,11.94,12.04,11.52,11.63,11.94,-0.31,-2.6
24-04-2023,11.63,12.205,11.58,11.6675,11.63,0.04,0.32
25-04-2023,11.6675,11.8125,11.425,11.52,11.6675,-0.15,-1.26
26-04-2023,11.52,11.8975,11.2975,11.6525,11.52,0.13,1.15
27-04-2023,11.6525,12.02,10.96,11.425,11.6525,-0.23,-1.95
28-04-2023,11.425,11.5425,10.7875,10.9475,11.425,-0.48,-4.18
02-05-2023,10.9475,12.0625,10.9475,11.8975,10.9475,0.95,8.68
03-05-2023,11.8975,12.25,11.13,11.84,11.8975,-0.06,-0.48
04-05-2023,11.84,12.03,11.185,11.7325,11.84,-0.11,-0.91
05-05-2023,11.7325,12.375,11.53,12.295,11.7325,0.56,4.79
08-05-2023,12.295,12.91,11.7225,12.635,12.295,0.34,2.77
09-05-2023,12.635,12.815,11.6575,12.6775,12.635,0.04,0.34
10-05-2023,12.6775,13.2975,11.5425,13.0825,12.6775,0.41,3.19
11-05-2023,13.0825,13.74,12.815,13.215,13.0825,0.13,1.01
12-05-2023,13.215,13.51,12.7375,12.8525,13.215,-0.36,-2.74
15-05-2023,12.8525,13.615,12.5375,13.1725,12.8525,0.32,2.49
16-05-2023,13.1725,13.485,11.71,13.2925,13.1725,0.12,0.91
17-05-2023,13.2925,13.58,11.895,13.105,13.2925,-0.19,-1.41
18-05-2023,13.105,13.105,11.1375,12.795,13.105,-0.31,-2.37
19-05-2023,12.795,12.82,11.6875,12.3025,12.795,-0.49,-3.85
22-05-2023,12.3025,12.82,11.555,12.57,12.3025,0.27,2.17
23-05-2023,12.57,13.075,12.3175,12.605,12.57,0.04,0.28
24-05-2023,12.605,13.4375,12.41,13.1125,12.605,0.51,4.03
25-05-2023,13.1125,13.1325,8.1825,12.52,13.1125,-0.59,-4.52
26-05-2023,12.52,12.8575,11.7,11.9,12.52,-0.62,-4.95
29-05-2023,11.9,12.4925,8.8075,12.2975,11.9,0.4,3.34
30-05-2023,12.2975,12.38,11.7675,12.01,12.2975,-0.29,-2.34
31-05-2023,12.01,12.4675,11.58,11.9725,12.01,-0.04,-0.31
01-06-2023,11.9725,11.9725,11.22,11.5975,11.9725,-0.38,-3.13
02-06-2023,11.5975,11.735,10.86,11.125,11.5975,-0.47,-4.07
05-06-2023,11.125,11.335,10.3225,11.1375,11.125,0.01,0.11
06-06-2023,11.1375,11.6175,10.465,11.38,11.1375,0.24,2.18
07-06-2023,11.38,11.5375,9.6375,11.4425,11.38,0.06,0.55
08-06-2023,11.4425,11.5675,10.13,11.2575,11.4425,-0.19,-1.62
09-06-2023,11.2575,11.2975,10.3075,11.12,11.2575,-0.14,-1.22
12-06-2023,11.12,11.8025,10.5825,11.245,11.12,0.13,1.12
13-06-2023,11.245,11.25,9.99,11.11,11.245,-0.14,-1.2
14-06-2023,11.11,11.3675,10.6325,11.1625,11.11,0.05,0.47
15-06-2023,11.1625,11.37,9.6925,11.08,11.1625,-0.08,-0.74
16-06-2023,11.08,11.08,10.5575,10.84,11.08,-0.24,-2.17
19-06-2023,10.84,11.4975,10.33,11.225,10.84,0.39,3.55
20-06-2023,11.225,11.4375,10.5675,11.1325,11.225,-0.09,-0.82
21-06-2023,11.1325,11.4325,10.77,11.2925,11.1325,0.16,1.44
22-06-2023,11.2925,11.7125,10.6925,11.5475,11.2925,0.26,2.26
23-06-2023,11.5475,11.8375,11.1425,11.235,11.5475,-0.31,-2.71
26-06-2023,11.235,11.925,11.235,11.395,11.235,0.16,1.42
27-06-2023,11.395,11.4225,10.6925,10.7775,11.395,-0.62,-5.42
28-06-2023,10.7775,11.535,10.6525,10.8875,10.7775,0.11,1.02
30-06-2023,10.8875,11.215,10.07,10.8,10.8875,-0.09,-0.8
03-07-2023,10.8,12.03,10.8,11.54,10.8,0.74,6.85
04-07-2023,11.54,11.99,11.5225,11.7,11.54,0.16,1.39
05-07-2023,11.7,12.21,11.5675,11.8825,11.7,0.18,1.56
06-07-2023,11.8825,12.205,11.7775,11.84,11.8825,-0.04,-0.36
07-07-2023,11.84,12.0725,11.08,11.5325,11.84,-0.31,-2.6
10-07-2023,11.5325,12.01,11.36,11.4625,11.5325,-0.07,-0.61
11-07-2023,11.4625,11.4625,10.945,11.0125,11.4625,-0.45,-3.93
12-07-2023,11.0125,11.2,10.72,10.935,11.0125,-0.08,-0.7
13-07-2023,10.935,11.1725,10.695,10.9375,10.935,0.0,0.02
14-07-2023,10.9375,10.9375,10.6125,10.6825,10.9375,-0.26,-2.33
17-07-2023,10.6825,11.3975,9.8575,11.315,10.6825,0.63,5.92
18-07-2023,11.315,12.02,11.0675,11.71,11.315,0.4,3.49
19-07-2023,11.71,11.9375,11.54,11.6,11.71,-0.11,-0.94
20-07-2023,11.6,12.255,11.37,11.785,11.6,0.19,1.59
21-07-2023,11.785,12.0325,11.06,11.485,11.785,-0.3,-2.55
24-07-2023,11.485,11.995,10.5375,11.6525,11.485,0.17,1.46
25-07-2023,11.6525,11.6525,10.1125,10.2425,11.6525,-1.41,-12.1
26-07-2023,10.2425,10.8625,10.2175,10.4575,10.2425,0.22,2.1
27-07-2023,10.4575,10.9825,9.8875,10.5125,10.4575,0.06,0.53
28-07-2023,10.5125,10.81,10.035,10.135,10.5125,-0.38,-3.59
31-07-2023,10.135,11.1875,10.135,10.4125,10.135,0.28,2.74
01-08-2023,10.4125,10.7025,10.195,10.2825,10.4125,-0.13,-1.25
02-08-2023,10.2825,11.805,9.95,11.2775,10.2825,1.0,9.68
03-08-2023,11.2775,11.96,10.9825,11.185,11.2775,-0.09,-0.82
04-08-2023,11.185,11.185,10.4825,10.5725,11.185,-0.61,-5.48
07-08-2023,10.5725,11.4175,10.4025,11.1025,10.5725,0.53,5.01
08-08-2023,11.1025,11.53,11.1025,11.325,11.1025,0.22,2.0
09-08-2023,11.325,11.765,10.485,11.14,11.325,-0.19,-1.63
10-08-2023,11.14,11.91,10.6275,11.4,11.14,0.26,2.33
11-08-2023,11.4,11.865,11.355,11.5225,11.4,0.12,1.07
14-08-2023,11.5225,12.755,10.4775,11.995,11.5225,0.47,4.1
16-08-2023,11.995,12.6825,11.995,12.125,11.995,0.13,1.08
17-08-2023,12.125,12.665,12.1125,12.24,12.125,0.12,0.95
18-08-2023,12.24,12.4925,10.7875,12.1425,12.24,-0.1,-0.8
21-08-2023,12.1425,12.59,11.1725,11.96,12.1425,-0.18,-1.5
22-08-2023,11.96,12.085,11.59,11.7475,11.96,-0.21,-1.78
23-08-2023,11.7475,11.885,10.3075,11.7275,11.7475,-0.02,-0.17
24-08-2023,11.7275,12.235,10.1975,11.7,11.7275,-0.03,-0.23
25-08-2023,11.7,12.2425,9.98,12.0825,11.7,0.38,3.27
28-08-2023,12.0825,12.72,9.5,12.3975,12.0825,0.32,2.61
29-08-2023,12.3975,12.4625,10.6475,12.225,12.3975,-0.17,-1.39
30-08-2023,12.225,12.2425,11.4625,11.8,12.225,-0.43,-3.48
31-08-2023,11.8,12.28,11.76,12.0625,11.8,0.26,2.22
01-09-2023,12.0625,12.18,10.4075,11.365,12.0625,-0.7,-5.78
04-09-2023,11.365,11.5425,10.86,10.9625,11.365,-0.4,-3.54
05-09-2023,10.9625,11.085,9.365,10.815,10.9625,-0.15,-1.35
06-09-2023,10.815,10.975,9.805,10.6775,10.815,-0.14,-1.27
07-09-2023,10.6775,11.025,9.8,10.8725,10.6775,0.2,1.83
08-09-2023,10.8725,10.97,10.0775,10.78,10.8725,-0.09,-0.85
11-09-2023,10.78,11.5,10.3375,11.3475,10.78,0.57,5.26
12-09-2023,11.3475,12.0225,10.7125,11.69,11.3475,0.34,3.02
13-09-2023,11.69,12.0475,11.535,11.8275,11.69,0.14,1.18
14-09-2023,11.8275,12.0425,11.21,11.3175,11.8275,-0.51,-4.31
15-09-2023,11.3175,11.32,10.0725,10.9025,11.3175,-0.42,-3.67
18-09-2023,10.9025,11.4075,10.45,10.835,10.9025,-0.07,-0.62
20-09-2023,10.835,11.47,10.835,11.1275,10.835,0.29,2.7
21-09-2023,11.1275,11.39,10.62,10.8175,11.1275,-0.31,-2.79
22-09-2023,10.8175,11.0725,10.3925,10.66,10.8175,-0.16,-1.46
25-09-2023,10.66,11.305,10.2725,10.9,10.66,0.24,2.25
26-09-2023,10.9,11.29,9.2475,11.185,10.9,0.29,2.61
27-09-2023,11.185,11.8225,9.39,11.585,11.185,0.4,3.58
28-09-2023,11.585,13.0225,9.3975,12.8225,11.585,1.24,10.68
29-09-2023,12.8225,12.8225,11.3075,11.4525,12.8225,-1.37,-10.68
03-10-2023,11.4525,12.4075,10.775,11.7875,11.4525,0.34,2.93
04-10-2023,11.7875,12.22,11.115,11.655,11.7875,-0.13,-1.12
05-10-2023,11.655,11.655,10.8425,10.94,11.655,-0.72,-6.13
06-10-2023,10.94,10.94,9.73,10.3,10.94,-0.64,-5.85
09-10-2023,10.3,11.6325,10.12,11.4,10.3,1.1,10.68
10-10-2023,11.4,11.4,10.855,11.27,11.4,-0.13,-1.14
11-10-2023,11.27,11.3225,10.39,10.985,11.27,-0.29,-2.53
12-10-2023,10.985,11.1175,10.565,10.6175,10.985,-0.37,-3.35
13-10-2023,10.6175,11.025,10.4025,10.6175,10.6175,0.0,0.0
16-10-2023,10.6175,11.1525,9.1525,11.07,10.6175,0.45,4.26
17-10-2023,11.07,11.07,10.4275,10.695,11.07,-0.38,-3.39
18-10-2023,10.695,11.17,10.485,10.965,10.695,0.27,2.52
19-10-2023,10.965,11.2125,10.0475,10.8975,10.965,-0.07,-0.62
20-10-2023,10.8975,11.09,10.075,10.8175,10.8975,-0.08,-0.73
23-10-2023,10.8175,11.3575,8.825,10.905,10.8175,0.09,0.81
25-10-2023,10.905,12.1775,9.965,11.3125,10.905,0.41,3.74
26-10-2023,11.3125,12.7,11.3125,11.73,11.3125,0.42,3.69
27-10-2023,11.73,12.305,10.6725,10.905,11.73,-0.83,-7.03
30-10-2023,10.905,12.1925,10.905,11.49,10.905,0.59,5.36
31-10-2023,11.49,12.285,11.2625,11.825,11.49,0.34,2.92
01-11-2023,11.825,12.195,11.825,12.0475,11.825,0.22,1.88
02-11-2023,12.0475,12.0475,10.9475,11.075,12.0475,-0.97,-8.07
03-11-2023,11.075,11.075,10.635,10.8825,11.075,-0.19,-1.74
06-11-2023,10.8825,11.28,10.38,11.105,10.8825,0.22,2.04
07-11-2023,11.105,12.1775,11.0,11.1925,11.105,0.09,0.79
08-11-2023,11.1925,11.3325,10.63,11.0375,11.1925,-0.16,-1.38
09-11-2023,11.0375,11.2525,10.37,10.9825,11.0375,-0.06,-0.5
10-11-2023,10.9825,11.3575,9.86,11.1075,10.9825,0.13,1.14
12-11-2023,11.1075,11.54,9.7525,11.3475,11.1075,0.24,2.16
13-11-2023,11.3475,11.6325,10.5025,11.1875,11.3475,-0.16,-1.41
15-11-2023,11.1875,11.4175,8.395,11.135,11.1875,-0.05,-0.47
16-11-2023,11.135,11.8075,10.6175,11.6475,11.135,0.51,4.6
17-11-2023,11.6475,12.09,10.19,11.8275,11.6475,0.18,1.55
20-11-2023,11.8275,12.67,11.2,12.1475,11.8275,0.32,2.71
21-11-2023,12.1475,12.435,10.755,12.2325,12.1475,0.09,0.7
22-11-2023,12.2325,12.7075,11.0225,11.865,12.2325,-0.37,-3.0
23-11-2023,11.865,12.14,10.975,11.315,11.865,-0.55,-4.64
24-11-2023,11.315,11.465,8.6775,11.33,11.315,0.02,0.13
28-11-2023,11.33,12.4925,11.065,12.175,11.33,0.85,7.46
29-11-2023,12.175,14.46,11.3325,12.7075,12.175,0.53,4.37
30-11-2023,12.7075,13.3525,11.7625,12.69,12.7075,-0.02,-0.14
01-12-2023,12.69,12.755,11.7775,12.3825,12.69,-0.31,-2.42
04-12-2023,12.3825,13.16,11.34,12.9925,12.3825,0.61,4.93
05-12-2023,12.9925,13.8825,11.475,13.4575,12.9925,0.47,3.58
06-12-2023,13.4575,14.0875,12.6875,13.74,13.4575,0.28,2.1
07-12-2023,13.74,13.74,12.545,12.6725,13.74,-1.07,-7.77
08-12-2023,12.6725,12.875,12.135,12.47,12.6725,-0.2,-1.6
11-12-2023,12.47,13.1225,12.2275,12.7575,12.47,0.29,2.31
12-12-2023,12.7575,12.8675,11.6925,12.7125,12.7575,-0.05,-0.35
13-12-2023,12.7125,12.8175,11.54,12.065,12.7125,-0.65,-5.09
14-12-2023,12.065,12.5125,11.0,12.32,12.065,0.26,2.11
15-12-2023,12.32,13.3425,10.8,13.1275,12.32,0.81,6.55
18-12-2023,13.1275,14.1175,13.125,13.9,13.1275,0.77,5.88
19-12-2023,13.9,14.12,13.5525,13.8675,13.9,-0.03,-0.23
20-12-2023,13.8675,14.87,12.7775,14.45,13.8675,0.58,4.2
21-12-2023,14.45,15.01,12.2825,13.7575,14.45,-0.69,-4.79
22-12-2023,13.7575,13.9875,12.225,13.7075,13.7575,-0.05,-0.36
26-12-2023,13.7075,14.95,13.7075,14.6775,13.7075,0.97,7.08
27-12-2023,14.6775,15.7325,14.47,15.5575,14.6775,0.88,6.0
28-12-2023,15.5575,16.47,14.9625,15.14,15.5575,-0.42,-2.68
29-12-2023,15.14,15.4275,14.3725,14.5025,15.14,-0.64,-4.21
01-01-2024,14.5025,14.8675,14.3275,14.68,14.5025,0.18,1.22
02-01-2024,14.68,15.08,14.2425,14.58,14.68,-0.1,-0.68
03-01-2024,14.58,14.78,14.0225,14.0975,14.58,-0.48,-3.31
04-01-2024,14.0975,14.2075,13.2125,13.33,14.0975,-0.77,-5.44
05-01-2024,13.33,13.4675,12.4875,12.63,13.33,-0.7,-5.25
08-01-2024,12.63,13.595,12.63,13.4625,12.63,0.83,6.59
09-01-2024,13.4625,13.505,12.775,13.2625,13.4625,-0.2,-1.49
10-01-2024,13.2625,14.5575,12.81,12.97,13.2625,-0.29,-2.21
11-01-2024,12.97,13.19,12.63,12.7675,12.97,-0.2,-1.56
12-01-2024,12.7675,13.285,12.42,13.1,12.7675,0.33,2.6
15-01-2024,13.1,13.885,11.7875,13.785,13.1,0.69,5.23
16-01-2024,13.785,14.0425,12.485,13.5725,13.785,-0.21,-1.54
17-01-2024,13.5725,15.23,12.715,15.08,13.5725,1.51,11.11
18-01-2024,15.08,15.705,12.98,14.07,15.08,-1.01,-6.7
19-01-2024,14.07,14.1125,13.6775,13.8775,14.07,-0.19,-1.37
20-01-2024,13.8775,14.2475,13.0975,13.8025,13.8775,-0.08,-0.54
23-01-2024,13.8025,15.405,12.195,14.8525,13.8025,1.05,7.61
24-01-2024,14.8525,15.6475,14.03,14.375,14.8525,-0.48,-3.21
25-01-2024,14.375,15.3375,13.36,13.865,14.375,-0.51,-3.55
29-01-2024,13.865,15.8475,13.795,15.68,13.865,1.82,13.09
30-01-2024,15.68,16.575,14.9875,16.1025,15.68,0.42,2.69
31-01-2024,16.1025,16.5325,15.8,16.0475,16.1025,-0.06,-0.34
01-02-2024,16.0475,16.1075,14.36,14.455,16.0475,-1.59,-9.92
02-02-2024,14.455,15.1325,14.025,14.6975,14.455,0.24,1.68
05-02-2024,14.6975,16.05,14.6975,15.6175,14.6975,0.92,6.26
06-02-2024,15.6175,15.9825,15.0875,15.785,15.6175,0.17,1.07
07-02-2024,15.785,16.0175,14.74,15.505,15.785,-0.28,-1.77
08-02-2024,15.505,16.0275,15.2425,15.8275,15.505,0.32,2.08
09-02-2024,15.8275,16.3325,15.265,15.4475,15.8275,-0.38,-2.4
12-02-2024,15.4475,16.535,15.4475,16.0625,15.4475,0.62,3.98
13-02-2024,16.0625,16.57,15.7525,15.8075,16.0625,-0.26,-1.59
14-02-2024,15.8075,16.1975,15.34,15.435,15.8075,-0.37,-2.36
15-02-2024,15.435,15.6625,15.1125,15.225,15.435,-0.21,-1.36
16-02-2024,15.225,15.5525,14.9025,15.2225,15.225,0.0,-0.02
19-02-2024,15.2225,16.1175,13.7,16.0175,15.2225,0.8,5.22
20-02-2024,16.0175,16.36,14.2125,16.0725,16.0175,0.06,0.34
21-02-2024,16.0725,16.31,15.68,15.9275,16.0725,-0.15,-0.9
22-02-2024,15.9275,16.15,15.1325,15.1975,15.9275,-0.73,-4.58
23-02-2024,15.1975,15.4425,14.84,14.9725,15.1975,-0.23,-1.48
26-02-2024,14.9725,15.96,13.7575,15.6,14.9725,0.63,4.19
27-02-2024,15.6,15.9975,15.53,15.7275,15.6,0.13,0.82
28-02-2024,15.7275,16.74,15.31,16.33,15.7275,0.6,3.83
29-02-2024,16.33,16.5525,15.37,15.5725,16.33,-0.76,-4.64
01-03-2024,15.5725,15.6425,15.0,15.235,15.5725,-0.34,-2.17
04-03-2024,14.9925,15.3025,14.8225,14.9225,14.9925,-0.07,-0.47
05-03-2024,14.9225,15.165,14.1775,14.38,14.9225,-0.54,-3.64
06-03-2024,14.38,14.71,13.905,14.295,14.38,-0.09,-0.59
07-03-2024,14.295,14.4325,13.56,13.6125,14.295,-0.68,-4.77
11-03-2024,13.6125,14.5525,13.6125,13.995,13.6125,0.38,2.81
12-03-2024,13.995,14.195,13.5775,13.6375,13.995,-0.36,-2.55
13-03-2024,13.6375,15.005,13.5325,14.4325,13.6375,0.8,5.83
14-03-2024,14.4325,14.6825,13.5225,13.6225,14.4325,-0.81,-5.61
15-03-2024,13.6225,14.3325,13.59,13.69,13.6225,0.07,0.5
18-03-2024,13.69,14.615,13.69,13.895,13.69,0.21,1.5
19-03-2024,13.895,14.445,13.875,14.1125,13.895,0.22,1.57
20-03-2024,14.1125,14.2825,13.085,13.4725,14.1125,-0.64,-4.53
21-03-2024,13.4725,13.4725,12.3425,12.5125,13.4725,-0.96,-7.13
22-03-2024,12.5125,13.0475,11.81,12.22,12.5125,-0.29,-2.34
26-03-2024,12.22,13.1025,12.085,12.82,12.22,0.6,4.91
27-03-2024,12.82,13.01,12.5325,12.7025,12.82,-0.12,-0.92
28-03-2024,12.7025,13.18,12.26,12.8325,12.7025,0.13,1.02
01-04-2024,12.8325,13.3575,12.005,12.0825,12.8325,-0.75,-5.84
02-04-2024,12.0825,12.305,11.5975,11.6525,12.0825,-0.43,-3.56
03-04-2024,11.6525,11.8275,11.3125,11.3725,11.6525,-0.28,-2.4
04-04-2024,11.3725,11.8375,10.86,11.22,11.3725,-0.15,-1.34
05-04-2024,11.22,11.6825,11.035,11.3375,11.22,0.12,1.05
08-04-2024,11.3375,11.7425,11.1325,11.61,11.3375,0.27,2.4
09-04-2024,11.61,11.6125,10.6175,11.355,11.61,-0.26,-2.2
10-04-2024,11.355,11.355,10.985,11.1075,11.355,-0.25,-2.18
12-04-2024,11.1075,11.605,11.1075,11.5325,11.1075,0.43,3.83
15-04-2024,11.5325,12.7375,11.3075,12.4675,11.5325,0.94,8.11
16-04-2024,12.4675,12.925,12.34,12.615,12.4675,0.15,1.18
18-04-2024,12.615,13.3875,12.0275,13.04,12.615,0.43,3.37
19-04-2024,13.04,14.4125,11.915,13.4575,13.04,0.42,3.2
22-04-2024,13.4575,13.4575,12.6125,12.7,13.4575,-0.76,-5.63
23-04-2024,12.7,12.7,9.8575,10.195,12.7,-2.51,-19.72
24-04-2024,10.195,11.1325,9.945,10.275,10.195,0.08,0.78
25-04-2024,10.275,11.4575,10.26,10.73,10.275,0.46,4.43
26-04-2024,10.73,11.315,10.5875,10.925,10.73,0.2,1.82
29-04-2024,10.925,12.4875,10.925,12.235,10.925,1.31,11.99
30-04-2024,12.235,13.2125,12.235,12.87,12.235,0.64,5.19
02-05-2024,12.87,13.9475,12.87,13.445,12.87,0.58,4.47
03-05-2024,13.445,15.3125,13.445,14.6175,13.445,1.17,8.72
06-05-2024,14.6175,16.9625,14.6175,16.6,14.6175,1.98,13.56
07-05-2024,16.6,17.6425,16.6,17.0075,16.6,0.41,2.45
08-05-2024,17.0075,18.3175,16.4625,17.08,17.0075,0.07,0.43
09-05-2024,17.08,19.1725,17.08,18.2,17.08,1.12,6.56
10-05-2024,18.2,19.0075,17.995,18.4725,18.2,0.27,1.5
13-05-2024,18.4725,21.485,18.4725,20.6,18.4725,2.13,11.52
14-05-2024,20.6,21.875,20.1125,20.195,20.6,-0.41,-1.97
15-05-2024,20.195,20.6575,19.87,20.2725,20.195,0.08,0.38
16-05-2024,20.2725,21.1125,18.965,19.995,20.2725,-0.28,-1.37
17-05-2024,19.995,20.3675,18.98,19.7975,19.995,-0.2,-0.99
18-05-2024,19.7975,20.945,17.3375,20.525,19.7975,0.73,3.67
21-05-2024,20.525,22.3025,20.525,21.81,20.525,1.29,6.26
22-05-2024,21.81,22.2925,18.185,21.4675,21.81,-0.34,-1.57
23-05-2024,21.4675,24.215,18.84,21.38,21.4675,-0.09,-0.41
24-05-2024,21.38,21.8975,20.59,21.71,21.38,0.33,1.54
27-05-2024,21.71,26.195,18.435,23.1925,21.71,1.48,6.83
28-05-2024,23.1925,24.475,22.025,24.195,23.1925,1.0,4.32
29-05-2024,24.195,24.7725,23.545,24.175,24.195,-0.02,-0.08
30-05-2024,24.175,24.52,22.7525,24.175,24.175,0.0,0.0
31-05-2024,24.175,24.81,22.5975,24.6025,24.175,0.43,1.77
03-06-2024,24.6025,24.6025,19.115,20.9375,24.6025,-3.67,-14.9
04-06-2024,20.9375,31.71,18.8025,26.7475,20.9375,5.81,27.75
05-06-2024,26.7475,26.925,18.6575,18.885,26.7475,-7.86,-29.4
06-06-2024,18.885,18.885,16.5575,16.8,18.885,-2.09,-11.04
07-06-2024,16.8,17.145,16.3725,16.8825,16.8,0.08,0.49
10-06-2024,16.8825,17.25,16.17,16.3975,16.8825,-0.49,-2.87
11-06-2024,16.3975,16.3975,14.675,14.765,16.3975,-1.63,-9.96
12-06-2024,14.765,14.765,13.165,14.3875,14.765,-0.38,-2.56
13-06-2024,14.3875,14.3875,13.3125,13.4875,14.3875,-0.9,-6.26
14-06-2024,13.4875,13.4875,12.655,12.8225,13.4875,-0.67,-4.93
18-06-2024,12.8225,13.42,12.625,12.965,12.8225,0.14,1.11
19-06-2024,12.965,13.815,11.63,13.7125,12.965,0.75,5.77
20-06-2024,13.7125,14.06,13.1025,13.345,13.7125,-0.37,-2.68
21-06-2024,13.345,13.59,12.475,13.18,13.345,-0.17,-1.24
24-06-2024,13.18,14.2675,13.15,14.0575,13.18,0.88,6.66
25-06-2024,14.0575,14.455,13.8425,14.3125,14.0575,0.26,1.81
26-06-2024,14.3125,14.5475,13.985,14.045,14.3125,-0.27,-1.87
27-06-2024,14.045,14.61,13.915,14.1525,14.045,0.11,0.77
28-06-2024,14.1525,14.29,13.6875,13.8025,14.1525,-0.35,-2.47
01-07-2024,13.8025,14.2275,13.7925,13.83,13.8025,0.03,0.2
02-07-2024,13.83,14.0125,13.3225,13.64,13.83,-0.19,-1.37
03-07-2024,13.64,13.715,12.87,13.205,13.64,-0.44,-3.19
04-07-2024,13.205,13.205,12.2575,12.855,13.205,-0.35,-2.65
05-07-2024,12.855,12.99,12.08,12.695,12.855,-0.16,-1.24
08-07-2024,12.695,13.7575,12.695,13.6,12.695,0.91,7.13
09-07-2024,13.6,14.4025,12.79,14.28,13.6,0.68,5.0
10-07-2024,14.28,14.915,13.4075,14.4325,14.28,0.15,1.07
11-07-2024,14.4325,14.4325,12.68,13.995,14.4325,-0.44,-3.03
12-07-2024,13.995,14.0525,13.2225,13.725,13.995,-0.27,-1.93
15-07-2024,13.725,14.34,13.5675,14.1875,13.725,0.46,3.37
16-07-2024,14.1875,14.5875,13.8025,14.2225,14.1875,0.04,0.25
18-07-2024,14.2225,14.71,13.75,14.51,14.2225,0.29,2.02
19-07-2024,14.51,14.965,12.7375,14.825,14.51,0.32,2.17
22-07-2024,14.825,15.625,13.115,15.4375,14.825,0.61,4.13
23-07-2024,15.4375,16.065,12.5925,12.7475,15.4375,-2.69,-17.43
24-07-2024,12.7475,14.0375,11.6175,11.7625,12.7475,-0.99,-7.73
25-07-2024,11.7625,13.2175,11.275,12.6175,11.7625,0.86,7.27
26-07-2024,12.6175,13.135,11.9775,12.2475,12.6175,-0.37,-2.93
29-07-2024,12.2475,13.255,12.0275,12.945,12.2475,0.7,5.7
30-07-2024,12.945,13.26,11.715,12.88,12.945,-0.07,-0.5
31-07-2024,12.88,13.3875,11.6225,13.25,12.88,0.37,2.87
01-08-2024,13.25,13.305,11.9825,12.93,13.25,-0.32,-2.42
02-08-2024,12.93,14.51,11.6925,14.32,12.93,1.39,10.75
05-08-2024,14.32,23.1525,13.9075,20.3675,14.32,6.05,42.23
06-08-2024,20.3675,20.3675,14.8675,18.7425,20.3675,-1.63,-7.98
07-08-2024,18.7425,18.7425,13.7225,16.17,18.7425,-2.57,-13.73
08-08-2024,16.17,17.23,14.38,16.6025,16.17,0.43,2.67
09-08-2024,16.6025,16.6025,13.4325,15.335,16.6025,-1.27,-7.63
12-08-2024,15.335,16.5575,13.395,15.8675,15.335,0.53,3.47
13-08-2024,15.8675,16.375,14.2225,16.1675,15.8675,0.3,1.89
14-08-2024,16.1675,16.22,13.8225,15.435,16.1675,-0.73,-4.53
16-08-2024,15.435,15.435,12.95,14.4025,15.435,-1.03,-6.69
19-08-2024,14.4025,14.83,13.1975,14.315,14.4025,-0.09,-0.61
20-08-2024,14.315,14.315,11.425,13.82,14.315,-0.5,-3.46
21-08-2024,13.82,14.045,11.8225,13.3325,13.82,-0.49,-3.53
22-08-2024,13.3325,13.7825,10.9575,13.0,13.3325,-0.33,-2.49
23-08-2024,13.0,13.62,10.84,13.5525,13.0,0.55,4.25
26-08-2024,13.5525,13.9925,12.01,13.795,13.5525,0.24,1.79
27-08-2024,13.795,14.01,12.71,13.6325,13.795,-0.16,-1.18
28-08-2024,13.6325,14.085,12.035,13.95,13.6325,0.32,2.33
29-08-2024,13.95,14.135,12.4825,13.7875,13.95,-0.16,-1.16
30-08-2024,13.7875,13.905,12.54,13.3925,13.7875,-0.4,-2.86
02-09-2024,13.3925,14.25,12.6275,14.06,13.3925,0.67,4.98
03-09-2024,14.06,14.15,12.69,13.8425,14.06,-0.22,-1.55
04-09-2024,13.8425,14.555,12.805,14.3775,13.8425,0.54,3.86
05-09-2024,14.3775,14.3775,13.335,14.2075,14.3775,-0.17,-1.18
06-09-2024,14.2075,15.6725,12.3525,15.2175,14.2075,1.01,7.11
09-09-2024,15.2175,15.5625,14.11,14.2375,15.2175,-0.98,-6.44
10-09-2024,14.2375,14.2375,12.1675,13.36,14.2375,-0.88,-6.16
11-09-2024,13.36,13.765,11.325,13.6275,13.36,0.27,2.0
12-09-2024,13.6275,13.6275,11.14,13.1825,13.6275,-0.45,-3.27
13-09-2024,13.1825,13.1825,12.4675,12.55,13.1825,-0.63,-4.8
16-09-2024,12.55,12.955,12.31,12.46,12.55,-0.09,-0.72
17-09-2024,12.46,12.75,11.8825,12.59,12.46,0.13,1.04
18-09-2024,12.59,13.8475,12.26,13.3725,12.59,0.78,6.22
19-09-2024,13.3725,13.3725,12.1,12.47,13.3725,-0.9,-6.75
20-09-2024,12.47,13.11,10.9025,12.79,12.47,0.32,2.57
23-09-2024,12.79,14.03,12.4275,13.785,12.79,1.0,7.78
24-09-2024,13.785,14.105,12.7425,13.3925,13.785,-0.39,-2.85
25-09-2024,13.3925,13.61,8.98,12.7425,13.3925,-0.65,-4.85
26-09-2024,12.7425,12.7425,11.3525,12.0025,12.7425,-0.74,-5.81
27-09-2024,12.0025,12.08,10.5025,11.9625,12.0025,-0.04,-0.33
30-09-2024,11.9625,13.2375,11.6,12.7875,11.9625,0.83,6.9
01-10-2024,12.7875,12.7875,11.7125,11.9875,12.7875,-0.8,-6.26
03-10-2024,11.9875,13.9275,11.685,13.17,11.9875,1.18,9.86
04-10-2024,13.17,14.48,12.285,14.1275,13.17,0.96,7.27
07-10-2024,14.1275,15.5,13.6175,15.08,14.1275,0.95,6.74
08-10-2024,15.08,15.555,13.8775,14.5875,15.08,-0.49,-3.27
09-10-2024,14.5875,14.5875,12.7,14.1225,14.5875,-0.47,-3.19
10-10-2024,14.1225,14.1225,11.7275,13.495,14.1225,-0.63,-4.44
11-10-2024,13.495,13.7025,11.535,13.22,13.495,-0.28,-2.04
14-10-2024,13.22,13.735,12.915,12.995,13.22,-0.23,-1.7
15-10-2024,12.995,13.3625,10.9225,13.0025,12.995,0.01,0.06
16-10-2024,13.0025,13.56,11.435,13.0525,13.0025,0.05,0.38
17-10-2024,13.0525,13.465,11.0625,13.3875,13.0525,0.34,2.57
18-10-2024,13.3875,14.06,12.8675,13.0375,13.3875,-0.35,-2.61
21-10-2024,13.0375,14.195,12.5525,13.7625,13.0375,0.73,5.56
22-10-2024,13.7625,14.515,9.47,14.395,13.7625,0.63,4.6
23-10-2024,14.395,15.0325,11.74,14.6225,14.395,0.23,1.58
24-10-2024,14.6225,14.8975,12.695,13.97,14.6225,-0.65,-4.46
25-10-2024,13.97,15.08,13.35,14.6325,13.97,0.66,4.74
28-10-2024,14.6325,15.4775,13.535,14.29,14.6325,-0.34,-2.34
29-10-2024,14.29,15.0275,13.5575,14.515,14.29,0.23,1.57
30-10-2024,14.515,15.7,14.28,15.51,14.515,1.0,6.85
31-10-2024,15.51,16.24,14.6525,15.55,15.51,0.04,0.26
01-11-2024,15.55,16.125,13.6325,15.9025,15.55,0.35,2.27
04-11-2024,15.9025,17.6,14.7775,16.6875,15.9025,0.79,4.94
05-11-2024,16.6875,19.02,15.795,16.1225,16.6875,-0.57,-3.39
06-11-2024,16.1225,20.75,14.7125,14.8675,16.1225,-1.26,-7.78
07-11-2024,14.8675,15.5225,14.2675,14.94,14.8675,0.07,0.49
08-11-2024,14.94,15.725,14.3925,14.47,14.94,-0.47,-3.15
11-11-2024,14.47,15.47,13.1175,14.27,14.47,-0.2,-1.38
12-11-2024,14.27,14.8375,12.74,14.59,14.27,0.32,2.24
13-11-2024,14.59,15.865,13.9325,15.435,14.59,0.85,5.79
14-11-2024,15.435,15.685,13.4075,14.775,15.435,-0.66,-4.28
18-11-2024,14.775,16.58,13.755,15.1675,14.775,0.39,2.66
19-11-2024,15.1675,16.185,12.7325,15.6625,15.1675,0.5,3.26
21-11-2024,15.6625,16.78,14.8375,15.99,15.6625,0.33,2.09
22-11-2024,15.99,18.67,12.7525,16.0975,15.99,0.11,0.67
25-11-2024,16.0975,16.865,13.63,15.3025,16.0975,-0.8,-4.94
26-11-2024,15.3025,16.26,13.8725,15.305,15.3025,0.0,0.02
27-11-2024,15.305,15.305,13.245,14.625,15.305,-0.68,-4.44
28-11-2024,14.625,15.5625,14.27,15.205,14.625,0.58,3.97
29-11-2024,15.205,15.4575,14.3325,14.425,15.205,-0.78,-5.13
02-12-2024,14.425,15.08,13.3125,14.7,14.425,0.28,1.91
03-12-2024,14.7,14.89,14.235,14.3725,14.7,-0.33,-2.23
04-12-2024,14.3725,14.7975,14.11,14.45,14.3725,0.08,0.54
05-12-2024,14.45,15.705,14.055,14.5275,14.45,0.08,0.54
06-12-2024,14.5275,15.0225,14.045,14.14,14.5275,-0.39,-2.67
09-12-2024,14.14,14.635,13.45,14.1075,14.14,-0.03,-0.23
10-12-2024,14.1075,14.6725,13.6975,13.7775,14.1075,-0.33,-2.34
11-12-2024,13.7775,14.11,13.175,13.2675,13.7775,-0.51,-3.7
12-12-2024,13.2675,13.4,12.9475,13.19,13.2675,-0.08,-0.58
13-12-2024,13.19,14.72,12.47,13.0525,13.19,-0.14,-1.04
16-12-2024,13.0525,14.505,13.0525,14.02,13.0525,0.97,7.41
17-12-2024,14.02,14.975,13.18,14.485,14.02,0.47,3.32
18-12-2024,14.485,15.2425,14.27,14.3725,14.485,-0.11,-0.78
19-12-2024,14.3725,15.435,13.87,14.51,14.3725,0.14,0.96
20-12-2024,14.51,15.5525,14.3975,15.0725,14.51,0.56,3.88
23-12-2024,15.0725,16.8825,13.4175,13.52,15.0725,-1.55,-10.3
24-12-2024,13.52,15.03,12.975,13.1775,13.52,-0.34,-2.53
26-12-2024,13.1775,14.3875,13.0825,14.035,13.1775,0.86,6.51
27-12-2024,14.035,14.2375,13.035,13.2375,14.035,-0.8,-5.68
30-12-2024,13.2375,14.37,13.2375,13.9725,13.2375,0.74,5.55
31-12-2024,13.9725,14.6375,13.9725,14.4475,13.9725,0.48,3.4
01-01-2025,14.4475,14.835,14.305,14.5075,14.4475,0.06,0.42
02-01-2025,14.5075,14.8025,13.63,13.7375,14.5075,-0.77,-5.31
03-01-2025,13.7375,13.9775,13.225,13.54,13.7375,-0.2,-1.44
06-01-2025,13.54,15.92,13.54,15.65,13.54,2.11,15.58
07-01-2025,15.65,15.65,14.345,14.66,15.65,-0.99,-6.33
08-01-2025,14.66,14.88,14.095,14.465,14.66,-0.2,-1.33
09-01-2025,14.465,14.885,13.7475,14.6575,14.465,0.19,1.33
10-01-2025,14.6575,15.515,14.6575,14.915,14.6575,0.26,1.76
13-01-2025,14.915,16.185,14.45,15.9975,14.915,1.08,7.26
14-01-2025,15.9975,15.9975,15.115,15.47,15.9975,-0.53,-3.3
15-01-2025,15.47,15.6625,15.1975,15.2575,15.47,-0.21,-1.37
16-01-2025,15.2575,15.5725,13.9575,15.465,15.2575,0.21,1.36
17-01-2025,15.465,16.3825,14.0525,15.7475,15.465,0.28,1.83
20-01-2025,15.7475,17.02,15.1825,16.415,15.7475,0.67,4.24
21-01-2025,16.415,17.445,15.2025,17.055,16.415,0.64,3.9
22-01-2025,17.055,17.295,15.905,16.7725,17.055,-0.28,-1.66
23-01-2025,16.7725,17.0825,15.6675,16.695,16.7725,-0.08,-0.46
24-01-2025,16.695,17.31,16.1175,16.745,16.695,0.05,0.3
27-01-2025,16.745,18.5225,16.745,18.1325,16.745,1.39,8.29
28-01-2025,18.1325,18.5025,16.8275,18.195,18.1325,0.06,0.34
29-01-2025,18.195,19.01,17.2875,18.64,18.195,0.45,2.45
30-01-2025,18.64,18.985,17.2175,17.39,18.64,-1.25,-6.71
31-01-2025,17.39,17.9425,16.1075,16.2475,17.39,-1.14,-6.57
01-02-2025,16.2475,16.58,14.0125,14.095,16.2475,-2.15,-13.25
03-02-2025,14.095,15.1125,14.095,14.3525,14.095,0.26,1.83
04-02-2025,14.3525,15.1325,13.665,14.0175,14.3525,-0.34,-2.33
05-02-2025,14.0175,14.2975,13.4975,14.0825,14.0175,0.07,0.46
06-02-2025,14.0825,14.64,13.15,14.175,14.0825,0.09,0.66
07-02-2025,14.175,14.505,13.55,13.685,14.175,-0.49,-3.46
10-02-2025,13.685,14.7175,13.685,14.445,13.685,0.76,5.55
11-02-2025,14.445,15.4325,13.845,14.87,14.445,0.43,2.94
12-02-2025,14.87,15.6225,14.6075,14.895,14.87,0.03,0.17
13-02-2025,14.895,15.465,12.195,14.955,14.895,0.06,0.4
14-02-2025,14.955,15.6775,14.3575,15.015,14.955,0.06,0.4
17-02-2025,15.015,16.31,14.4975,15.7225,15.015,0.71,4.71
18-02-2025,15.7225,16.3225,14.78,15.665,15.7225,-0.06,-0.37
19-02-2025,15.665,16.0225,14.7525,15.42,15.665,-0.25,-1.56
20-02-2025,15.42,15.9025,14.6375,14.6825,15.42,-0.74,-4.78
21-02-2025,14.6825,15.2425,12.0825,14.53,14.6825,-0.15,-1.04
24-02-2025,14.53,15.58,14.365,14.44,14.53,-0.09,-0.62
25-02-2025,14.4425,15.0775,13.605,13.72,14.4425,-0.72,-5.0
27-02-2025,13.715,14.0075,12.91,13.31,13.715,-0.41,-2.95
28-02-2025,13.3075,14.1225,13.2325,13.91,13.3075,0.6,4.53
03-03-2025,13.91,14.36,13.5675,13.76,13.91,-0.15,-1.08
04-03-2025,13.7625,14.1975,13.3725,13.83,13.7625,0.07,0.49
05-03-2025,13.83,14.13,13.095,13.67,13.83,-0.16,-1.16
06-03-2025,13.67,14.1775,13.28,13.73,13.67,0.06,0.44
07-03-2025,13.725,13.86,13.3325,13.47,13.725,-0.26,-1.86
10-03-2025,13.47,14.2075,13.47,13.99,13.47,0.52,3.86
11-03-2025,13.985,14.5025,13.675,14.07,13.985,0.09,0.61
12-03-2025,14.0725,14.3725,13.635,13.69,14.0725,-0.38,-2.72
13-03-2025,13.6925,13.9275,13.2225,13.28,13.6925,-0.41,-3.01
17-03-2025,13.28,14.0975,13.28,13.42,13.28,0.14,1.05
18-03-2025,13.415,13.6525,11.3425,13.21,13.415,-0.21,-1.53
19-03-2025,13.21,13.5725,12.585,13.3,13.21,0.09,0.68
20-03-2025,13.2975,13.2975,12.5125,12.6,13.2975,-0.7,-5.25
21-03-2025,12.6025,12.835,10.695,12.58,12.6025,-0.02,-0.18
24-03-2025,12.575,13.9525,12.575,13.7,12.575,1.13,8.95
25-03-2025,13.7,14.475,13.49,13.64,13.7,-0.06,-0.44
26-03-2025,13.635,13.915,13.305,13.47,13.635,-0.17,-1.21
27-03-2025,13.47,13.85,12.9775,13.3,13.47,-0.17,-1.26
28-03-2025,13.3,13.61,12.5725,12.72,13.3,-0.58,-4.36
01-04-2025,12.7175,14.0525,12.7175,13.78,12.7175,1.06,8.35
02-04-2025,13.7825,14.1425,13.5125,13.72,13.7825,-0.06,-0.45
03-04-2025,13.7225,14.1075,13.41,13.6,13.7225,-0.12,-0.89
04-04-2025,13.6,14.2475,13.395,13.76,13.6,0.16,1.18
07-04-2025,13.755,23.1875,13.755,22.79,13.755,9.04,65.69
08-04-2025,22.7925,22.7925,19.3825,20.44,22.7925,-2.35,-10.32
09-04-2025,20.4425,21.7475,19.6975,21.43,20.4425,0.99,4.83
11-04-2025,21.43,21.43,18.855,20.11,21.43,-1.32,-6.16
15-04-2025,20.1075,20.1075,15.9725,16.13,20.1075,-3.98,-19.78
16-04-2025,16.125,16.125,15.115,15.87,16.125,-0.26,-1.58
17-04-2025,15.865,16.4625,15.09,15.47,15.865,-0.4,-2.49
21-04-2025,15.4675,16.3325,14.2175,15.52,15.4675,0.05,0.34
22-04-2025,15.515,16.0075,14.54,15.23,15.515,-0.29,-1.84
23-04-2025,15.23,16.5175,12.8425,15.96,15.23,0.73,4.79
24-04-2025,15.96,16.7625,15.5525,16.25,15.96,0.29,1.82
25-04-2025,16.25,17.575,15.915,17.16,16.25,0.91,5.6
28-04-2025,17.1575,18.0725,16.6225,16.94,17.1575,-0.22,-1.27
29-04-2025,16.94,17.585,16.065,17.37,16.94,0.43,2.54
30-04-2025,17.37,18.56,15.985,18.22,17.37,0.85,4.89
02-05-2025,18.2225,18.8625,17.35,18.26,18.2225,0.04,0.21
05-05-2025,18.2575,18.795,18.0675,18.34,18.2575,0.08,0.45
06-05-2025,18.3375,19.3025,17.9875,19.0,18.3375,0.66,3.61
07-05-2025,18.995,19.73,18.365,19.06,18.995,0.07,0.34
08-05-2025,19.06,21.8925,18.1525,21.01,19.06,1.95,10.23
09-05-2025,21.0075,22.7475,21.0025,21.63,21.0075,0.62,2.96
12-05-2025,21.6325,21.6325,17.2075,18.39,21.6325,-3.24,-14.99
13-05-2025,18.3925,18.9025,17.8925,18.2,18.3925,-0.19,-1.05
14-05-2025,18.2,19.2425,17.0825,17.23,18.2,-0.97,-5.33
15-05-2025,17.225,17.6725,16.72,16.89,17.225,-0.34,-1.94
16-05-2025,16.8925,17.055,16.215,16.55,16.8925,-0.34,-2.03
19-05-2025,16.55,17.4475,15.8275,17.36,16.55,0.81,4.89
20-05-2025,17.355,17.66,15.9675,17.39,17.355,0.04,0.2
21-05-2025,17.385,17.9975,17.0425,17.55,17.385,0.17,0.95
22-05-2025,17.5475,18.2025,16.705,17.26,17.5475,-0.29,-1.64
23-05-2025,17.2575,17.5225,15.485,17.28,17.2575,0.02,0.13
26-05-2025,17.2775,18.4125,16.0575,18.02,17.2775,0.74,4.3
27-05-2025,18.02,19.185,17.42,18.54,18.02,0.52,2.89
28-05-2025,18.535,19.035,17.875,18.02,18.535,-0.52,-2.78
29-05-2025,18.0175,18.0175,16.2075,16.42,18.0175,-1.6,-8.87
30-05-2025,16.42,16.545,15.2875,16.08,16.42,-0.34,-2.07
02-06-2025,16.0775,17.7275,16.0775,17.16,16.0775,1.08,6.73
03-06-2025,17.1575,17.7275,16.2575,16.56,17.1575,-0.6,-3.48
04-06-2025,16.555,17.06,15.63,15.75,16.555,-0.81,-4.86
05-06-2025,15.745,15.9325,14.9825,15.08,15.745,-0.67,-4.22
06-06-2025,15.0825,15.61,14.3675,14.63,15.0825,-0.45,-3.0
09-06-2025,14.63,15.52,14.63,14.69,14.63,0.06,0.41
10-06-2025,14.6925,14.74,13.9325,14.02,14.6925,-0.67,-4.58
11-06-2025,14.015,14.155,13.5575,13.67,14.015,-0.35,-2.46
12-06-2025,13.6675,14.2725,13.13,14.02,13.6675,0.35,2.58
13-06-2025,14.015,15.975,14.015,15.08,14.015,1.07,7.6
16-06-2025,15.08,15.4725,14.5525,14.84,15.08,-0.24,-1.59
17-06-2025,14.8375,15.0225,14.3,14.4,14.8375,-0.44,-2.95
18-06-2025,14.4025,14.8175,14.105,14.28,14.4025,-0.12,-0.85
19-06-2025,14.275,14.37,13.74,14.26,14.275,-0.02,-0.11
20-06-2025,14.255,14.255,13.3225,13.67,14.255,-0.59,-4.1
23-06-2025,13.6725,14.5225,13.6625,14.05,13.6725,0.38,2.76
24-06-2025,14.0475,14.3425,13.3075,13.64,14.0475,-0.41,-2.9
25-06-2025,13.6425,13.6425,12.9,12.96,13.6425,-0.68,-5.0
26-06-2025,12.9625,13.33,12.515,12.59,12.9625,-0.37,-2.87
27-06-2025,12.59,12.9225,12.3225,12.39,12.59,-0.2,-1.59
30-06-2025,12.3875,13.0275,12.3875,12.79,12.3875,0.4,3.25
01-07-2025,12.785,12.9925,12.4375,12.53,12.785,-0.26,-1.99
02-07-2025,12.5275,12.6625,12.34,12.45,12.5275,-0.08,-0.62
03-07-2025,12.445,12.66,12.19,12.39,12.445,-0.06,-0.44
04-07-2025,12.385,12.6975,12.24,12.32,12.385,-0.07,-0.52
07-07-2025,12.315,12.79,11.94,12.56,12.315,0.25,1.99
08-07-2025,12.56,12.71,12.055,12.2,12.56,-0.36,-2.87
09-07-2025,12.195,12.355,11.75,11.94,12.195,-0.26,-2.09
10-07-2025,11.94,12.1875,11.6125,11.67,11.94,-0.27,-2.26
11-07-2025,11.6725,12.1225,11.535,11.82,11.6725,0.15,1.26
14-07-2025,11.8175,12.42,11.8175,11.98,11.8175,0.16,1.38
15-07-2025,11.98,12.025,11.405,11.48,11.98,-0.5,-4.17
16-07-2025,11.48,11.6675,11.1975,11.24,11.48,-0.24,-2.09
17-07-2025,11.24,11.5425,10.7275,11.24,11.24,0.0,0.0
18-07-2025,11.2425,11.86,9.9,11.39,11.2425,0.15,1.31
21-07-2025,11.3925,11.9425,11.0875,11.2,11.3925,-0.19,-1.69
22-07-2025,11.2025,11.2275,10.6875,10.75,11.2025,-0.45,-4.04
23-07-2025,10.7525,10.7525,10.22,10.52,10.7525,-0.23,-2.16
24-07-2025,10.515,11.105,9.8675,10.72,10.515,0.21,1.95
25-07-2025,10.7225,11.5825,10.6125,11.28,10.7225,0.56,5.2
28-07-2025,11.275,12.23,10.325,12.06,11.275,0.79,6.96
29-07-2025,12.0625,12.3,11.4,11.53,12.0625,-0.53,-4.41
30-07-2025,11.525,11.775,10.6125,11.21,11.525,-0.32,-2.73
31-07-2025,11.205,12.12,11.205,11.54,11.205,0.34,2.99
01-08-2025,11.5425,12.11,11.4025,11.98,11.5425,0.44,3.79
04-08-2025,11.975,12.63,11.8025,11.97,11.975,-0.01,-0.04
05-08-2025,11.9675,12.1775,11.64,11.71,11.9675,-0.26,-2.15
06-08-2025,11.7125,12.0475,10.6575,11.96,11.7125,0.25,2.11
07-08-2025,11.96,12.3075,11.555,11.69,11.96,-0.27,-2.26
08-08-2025,11.6875,12.1975,10.8975,12.03,11.6875,0.34,2.93
11-08-2025,12.0325,12.73,12.0325,12.22,12.0325,0.19,1.56
12-08-2025,12.2175,12.4225,11.595,12.23,12.2175,0.01,0.1
13-08-2025,12.2325,12.3525,10.7775,12.14,12.2325,-0.09,-0.76
14-08-2025,12.14,12.47,11.4725,12.36,12.14,0.22,1.81
18-08-2025,12.355,13.465,11.75,12.34,12.355,-0.02,-0.12
19-08-2025,12.34,12.34,11.76,11.79,12.34,-0.55,-4.46
20-08-2025,11.79,11.99,10.185,11.79,11.79,0.0,0.0
21-08-2025,11.785,11.8925,10.0875,11.37,11.785,-0.42,-3.52
22-08-2025,11.3725,11.785,10.695,11.73,11.3725,0.36,3.14
25-08-2025,11.7275,12.3475,11.545,11.76,11.7275,0.03,0.28
26-08-2025,11.7575,12.5475,10.9275,12.19,11.7575,0.43,3.68
28-08-2025,12.1925,13.145,11.575,12.18,12.1925,-0.01,-0.1
29-08-2025,12.1775,12.2025,11.5925,11.75,12.1775,-0.43,-3.51
01-09-2025,11.7525,12.195,11.235,11.29,11.7525,-0.46,-3.94
02-09-2025,11.2925,11.7825,10.78,11.4,11.2925,0.11,0.95
03-09-2025,11.4,11.5775,10.85,10.93,11.4,-0.47,-4.12
04-09-2025,10.93,11.2375,10.4925,10.85,10.93,-0.08,-0.73
05-09-2025,10.8525,11.435,9.9525,10.78,10.8525,-0.07,-0.67
08-09-2025,10.78,11.0825,10.42,10.84,10.78,0.06,0.56
09-09-2025,10.8375,11.45,9.8525,10.69,10.8375,-0.15,-1.36
10-09-2025,10.685,10.84,10.2475,10.54,10.685,-0.15,-1.36
11-09-2025,10.5375,10.7775,10.1825,10.36,10.5375,-0.18,-1.68
12-09-2025,10.36,10.36,9.85,10.12,10.36,-0.24,-2.32
15-09-2025,10.1225,10.6825,9.9025,10.4,10.1225,0.28,2.74
16-09-2025,10.3975,10.5,9.755,10.27,10.3975,-0.13,-1.23
17-09-2025,10.2725,10.3575,9.615,10.25,10.2725,-0.02,-0.22
18-09-2025,10.2475,10.2475,9.4925,9.89,10.2475,-0.36,-3.49
19-09-2025,9.885,10.255,9.3975,9.97,9.885,0.09,0.86
22-09-2025,9.9675,10.7325,9.9675,10.56,9.9675,0.59,5.94
23-09-2025,10.5575,10.9025,9.9625,10.63,10.5575,0.07,0.69
24-09-2025,10.625,10.8925,10.1125,10.52,10.625,-0.11,-0.99
25-09-2025,10.5225,10.8975,10.285,10.78,10.5225,0.26,2.45
26-09-2025,10.7825,11.6775,10.17,11.43,10.7825,0.65,6.01
29-09-2025,11.425,11.725,10.615,11.37,11.425,-0.06,-0.48
30-09-2025,11.365,11.7875,10.93,11.07,11.365,-0.3,-2.6
01-10-2025,11.065,11.255,10.1525,10.29,11.065,-0.78,-7.0
03-10-2025,10.2875,10.6225,9.945,10.06,10.2875,-0.23,-2.21
06-10-2025,10.06,10.5375,9.6575,10.19,10.06,0.13,1.29
07-10-2025,10.1925,10.45,10.0,10.05,10.1925,-0.14,-1.4
08-10-2025,10.05,10.5225,9.6875,10.31,10.05,0.26,2.59
09-10-2025,10.3125,10.565,9.9975,10.12,10.3125,-0.19,-1.87
10-10-2025,10.12,10.3425,9.71,10.1,10.12,-0.02,-0.2
13-10-2025,10.1025,11.2575,9.7775,11.01,10.1025,0.91,8.98
14-10-2025,11.0075,11.6675,10.0125,11.16,11.0075,0.15,1.39
15-10-2025,11.155,11.155,10.4325,10.53,11.155,-0.63,-5.6
16-10-2025,10.53,11.0575,10.3825,10.87,10.53,0.34,3.23
17-10-2025,10.865,11.81,9.775,11.63,10.865,0.77,7.04
20-10-2025,11.625,11.8775,10.6675,11.36,11.625,-0.27,-2.28
21-10-2025,11.355,11.595,10.7,11.3,11.355,-0.06,-0.48
23-10-2025,11.2975,12.05,10.7375,11.73,11.2975,0.43,3.83
24-10-2025,11.7325,11.94,11.4375,11.59,11.7325,-0.14,-1.21
27-10-2025,11.59,12.7275,11.2775,11.86,11.59,0.27,2.33
28-10-2025,11.8575,12.635,10.705,11.95,11.8575,0.09,0.78
29-10-2025,11.9525,12.1025,11.2275,11.97,11.9525,0.02,0.15
30-10-2025,11.9725,12.2725,11.705,12.07,11.9725,0.1,0.81
31-10-2025,12.0675,12.2875,11.77,12.15,12.0675,0.08,0.68
03-11-2025,12.1525,12.94,11.7875,12.67,12.1525,0.52,4.26
04-11-2025,12.665,12.935,10.98,12.65,12.665,-0.02,-0.12
06-11-2025,12.6525,12.865,12.0575,12.41,12.6525,-0.24,-1.92
07-11-2025,12.41,12.6675,11.9575,12.56,12.41,0.15,1.21
10-11-2025,12.5575,12.9275,11.405,12.3,12.5575,-0.26,-2.05
11-11-2025,12.3,13.005,11.9925,12.49,12.3,0.19,1.54
12-11-2025,12.49,12.7125,11.4425,12.11,12.49,-0.38,-3.04
13-11-2025,12.11,12.2725,11.23,12.16,12.11,0.05,0.41
14-11-2025,12.1625,12.445,11.8025,11.94,12.1625,-0.22,-1.83
17-11-2025,11.9375,12.28,10.895,11.79,11.9375,-0.15,-1.24
18-11-2025,11.7875,12.29,10.94,12.1,11.7875,0.31,2.65
19-11-2025,12.095,12.375,10.765,11.97,12.095,-0.13,-1.03
20-11-2025,11.9725,12.3775,11.055,12.14,11.9725,0.17,1.4
21-11-2025,12.135,13.85,12.135,13.63,12.135,1.5,12.32
24-11-2025,13.63,13.63,11.9375,13.24,13.63,-0.39,-2.86
25-11-2025,13.235,13.235,10.855,12.24,13.235,-1.0,-7.52
26-11-2025,12.2425,12.5725,11.585,11.97,12.2425,-0.27,-2.23
27-11-2025,11.9675,12.2425,11.5075,11.79,11.9675,-0.18,-1.48
28-11-2025,11.785,11.785,10.8175,11.62,11.785,-0.17,-1.4
01-12-2025,11.6175,12.01,10.9,11.63,11.6175,0.01,0.11
02-12-2025,11.625,11.94,11.03,11.23,11.625,-0.4,-3.4
03-12-2025,11.2275,11.3725,10.915,11.21,11.2275,-0.02,-0.16
04-12-2025,11.2125,11.27,10.58,10.82,11.2125,-0.39,-3.5
05-12-2025,10.8175,10.8675,10.1575,10.32,10.8175,-0.5,-4.6
08-12-2025,10.315,11.61,10.135,11.13,10.315,0.82,7.9
09-12-2025,11.125,11.8825,10.455,10.95,11.125,-0.18,-1.57
10-12-2025,10.9525,11.4225,10.49,10.91,10.9525,-0.04,-0.39
11-12-2025,10.9125,11.1925,10.3175,10.4,10.9125,-0.51,-4.7
12-12-2025,10.4,10.4,9.9625,10.11,10.4,-0.29,-2.79
15-12-2025,10.1075,10.8425,10.0475,10.25,10.1075,0.14,1.41
16-12-2025,10.25,10.4275,9.6625,10.06,10.25,-0.19,-1.85
17-12-2025,10.0625,10.1775,9.4825,9.84,10.0625,-0.22,-2.21
18-12-2025,9.8375,9.9475,9.6125,9.71,9.8375,-0.13,-1.3
19-12-2025,9.7075,10.3075,9.435,9.52,9.7075,-0.19,-1.93
22-12-2025,9.5225,9.8975,8.8625,9.68,9.5225,0.16,1.65
23-12-2025,9.675,9.785,9.3225,9.38,9.675,-0.3,-3.05
24-12-2025,9.3775,9.68,8.8825,9.19,9.3775,-0.19,-2.0
26-12-2025,9.19,9.395,9.02,9.15,9.19,-0.04,-0.44
29-12-2025,9.15,9.77,9.0475,9.72,9.15,0.57,6.23
30-12-2025,9.72,9.9875,9.5875,9.68,9.72,-0.04,-0.41
31-12-2025,9.6775,9.73,9.3125,9.48,9.6775,-0.1975,-2.04
01-01-2026,9.475,9.475,8.72,9.19,9.475,-0.285,-3.01
02-01-2026,9.18,9.56,8.97,9.45,9.18,0.27,2.94
